query,clicks,impressions,ctr_percent,average_position
evidence zakázek,0,74,0.00,10.00
tools for managing internal processes without spreadsheets,0,54,0.00,8.83
automatizace zpracování poptávek,0,52,0.00,3.96
b2b partner portal platform,0,52,0.00,20.35
automation of request handling,0,36,0.00,30.36
evidence zakázek v excelu,0,27,0.00,7.33
internal approval system india,0,27,0.00,7.48
automatizace workflow,0,27,0.00,26.30
halata,0,16,0.00,8.06
reporting dashboard development solutions,0,16,0.00,8.75
how to organize request handling,0,16,0.00,55.69
b2b partner portal,0,15,0.00,14.00
spa vs nextjs,0,14,0.00,7.57
request handling automation,0,14,0.00,26.43
job management software instead of spreadsheets,0,14,0.00,39.86
mvp projekt,0,11,0.00,11.64
interní systém na míru,0,11,0.00,18.64
hledáme partnera pro převzetí a další vývoj naší stávající android aplikace. předchozí dodavatel skončil. potřebujeme stabilizaci a kontinuální vývoj.,0,7,0.00,1.86
evidence zakázek excel,0,7,0.00,3.86
tvorba webových aplikací brno,0,7,0.00,12.71
evidence zakázek realitní kancelář,0,7,0.00,17.00
b2b portál pro dodavatele,0,7,0.00,26.00
client portal for business partner,0,6,0.00,8.00
vývoj webových aplikací brno,0,6,0.00,10.50
workflow automatizace,0,6,0.00,20.50
modernizace aplikací,0,6,0.00,21.00
portal for business partners,0,6,0.00,23.50
is nextjs spa,0,5,0.00,10.80
reporting pro management,0,5,0.00,16.20
job tracking without spreadsheets,0,5,0.00,32.40
náhrada excelu ve firmě,0,4,0.00,23.50
obata website services,0,4,0.00,35.50
vývoj mobilních aplikací brno,0,4,0.00,43.25
co je dashboard,0,4,0.00,54.75
správa zakázek,0,4,0.00,66.75
automatizace administrativy,0,4,0.00,72.50
popsat,0,3,0.00,21.67
job tracking without excel,0,3,0.00,26.33
dashboard co to je,0,3,0.00,43.33
částečně automatizovaná ruční pracoviště,0,3,0.00,48.67
integration automation,0,3,0.00,53.33
automated request fulfilment,0,3,0.00,58.67
řízení zakázek,0,3,0.00,58.67
automatizace procesů b2b,0,3,0.00,62.33
mvp projektu,0,2,0.00,10.00
is nextjs a spa,0,2,0.00,13.00
integrace a automatizace,0,2,0.00,16.00
automatizace datových procesů,0,2,0.00,19.00
b2b partnerportal,0,2,0.00,21.00
převzetí projektu,0,2,0.00,24.50
vývoj mvp,0,2,0.00,25.50
b2b portál,0,2,0.00,36.50
automate information requests,0,2,0.00,41.50
evidence zákazníků,0,2,0.00,64.00
dashboard management,0,2,0.00,77.00
"chceme automatizovat klíčové firemní procesy – např. onboarding, schvalování nebo marketingové workflow – ideálně s integrací ai a notifikací.",0,1,0.00,1.00
jak řídit zakázky bez excelu,0,1,0.00,2.00
automation request,0,1,0.00,7.00
příčiny chyb při ručním přepisování faktur,0,1,0.00,7.00
jak zautomatizovat první kontakt emailem,0,1,0.00,9.00
reporting dashboard,0,1,0.00,9.00
dashboard reporting,0,1,0.00,10.00
next s.p.a.,0,1,0.00,10.00
internal admin,0,1,0.00,11.00
workflow nástroje pre firmy,0,1,0.00,12.00
is next js spa,0,1,0.00,16.00
next js spa,0,1,0.00,16.00
nextjs spa,0,1,0.00,17.00
rizeni zakazek,0,1,0.00,19.00
next spa,0,1,0.00,20.00
portal b2b,0,1,0.00,24.00
b2b portal,0,1,0.00,25.00
automatizace procesů ve firmě,0,1,0.00,26.00
business partner portal,0,1,0.00,28.00
co je workflow,0,1,0.00,28.00
jednoduchá evidence zakázek,0,1,0.00,33.00
portal b2b control,0,1,0.00,37.00
dashboard význam,0,1,0.00,39.00
tvorba mobilních aplikací brno,0,1,0.00,42.00
dashboard česky,0,1,0.00,48.00
aplikace pro správu zakázek,0,1,0.00,49.00
mvp význam,0,1,0.00,49.00
email vs spreadsheets for management,0,1,0.00,54.00
zakázkový systém,0,1,0.00,55.00
this request looks like it might be automated,0,1,0.00,57.00
file request automation,0,1,0.00,61.00
live dashboard zakázek,0,1,0.00,93.00
